Workbook
Name Slicer_Month: #N/A

Sheet PriceTable
A1: Product | B1: Unit Price
A2: Coffee soap | B2: 10000
A3: Coffee scrub | B3: 35000
A4: Watermelon scrub | B4: 25000
A5: Turmeric & honey soap (T&H) | B5: 10000
A6: Charcoal soap | B6: 10000
A7: Oatmeal soap | B7: 10000
A8: Carrot oil small | B8: 20000
A9: Carrot oil big | B9: 60000
A10: Body lotion | B10: 35000
A11: Lip butter | B11: 10000
A12: Hand lotion | B12: 10000
A13: Face mist | B13: 25000
... A29: Shea Butter | B29: 35000

Sheet Sales
A1: Product | B1: Date | C1: Month | D1: Units Sold | E1: Revenue
A2: Coffee Scrub | B2: 45938 | C2: =TEXT(B2, "mmm") -> Oct | D2: 1 | E2: =IFERROR(VLOOKUP(A2, PriceTable!$A$1:$B$28, 2, FALSE) * D2, 0) -> 35000
A3: Body Butter | B3: 45939 | C3: =TEXT(B3, "mmm") -> Oct | D3: 2 | E3: =IFERROR(VLOOKUP(A3, PriceTable!$A$1:$B$28, 2, FALSE) * D3, 0) -> 70000
A4: Candle | B4: 45939 | C4: =TEXT(B4, "mmm") -> Oct | D4: 2 | E4: =IFERROR(VLOOKUP(A4, PriceTable!$A$1:$B$28, 2, FALSE) * D4, 0) -> 40000
A5: Body Lotion | B5: 45939 | C5: =TEXT(B5, "mmm") -> Oct | D5: 1 | E5: =IFERROR(VLOOKUP(A5, PriceTable!$A$1:$B$28, 2, FALSE) * D5, 0) -> 35000
A6: Candle | B6: 45940 | C6: =TEXT(B6, "mmm") -> Oct | D6: 2 | E6: =IFERROR(VLOOKUP(A6, PriceTable!$A$1:$B$28, 2, FALSE) * D6, 0) -> 40000
A7: Carrot Oil Small | B7: 45940 | C7: =TEXT(B7, "mmm") -> Oct | D7: 1 | E7: =IFERROR(VLOOKUP(A7, PriceTable!$A$1:$B$28, 2, FALSE) * D7, 0) -> 20000
A8: Coffee Soap | B8: 45940 | C8: =TEXT(B8, "mmm") -> Oct | D8: 1 | E8: =IFERROR(VLOOKUP(A8, PriceTable!$A$1:$B$28, 2, FALSE) * D8, 0) -> 10000
A9: Turmeric & honey soap (T&H) | B9: 45940 | C9: =TEXT(B9, "mmm") -> Oct | D9: 1 | E9: =IFERROR(VLOOKUP(A9, PriceTable!$A$1:$B$28, 2, FALSE) * D9, 0) -> 10000
A10: Turmeric & honey soap (T&H) | B10: 45941 | C10: =TEXT(B10, "mmm") -> Oct | D10: 2 | E10: =IFERROR(VLOOKUP(A10, PriceTable!$A$1:$B$28, 2, FALSE) * D10, 0) -> 20000
A11: Coffee Soap | B11: 45941 | C11: =TEXT(B11, "mmm") -> Oct | D11: 1 | E11: =IFERROR(VLOOKUP(A11, PriceTable!$A$1:$B$28, 2, FALSE) * D11, 0) -> 10000
A12: Beard Oil | B12: 45941 | C12: =TEXT(B12, "mmm") -> Oct | D12: 1 | E12: =IFERROR(VLOOKUP(A12, PriceTable!$A$1:$B$28, 2, FALSE) * D12, 0) -> 25000
A13: Carrot Oil Small | B13: 45941 | C13: =TEXT(B13, "mmm") -> Oct | D13: 1 | E13: =IFERROR(VLOOKUP(A13, PriceTable!$A$1:$B$28, 2, FALSE) * D13, 0) -> 20000
... A150: Carrot oil small | B150: 45996 | C150: =TEXT(B150, "mmm") -> Dec | D150: 2 | E150: =IFERROR(VLOOKUP(A150, PriceTable!$A$1:$B$28, 2, FALSE) * D150, 0) -> 40000

Sheet Pivot Tables
A2: Row Labels | B2: Sum of Units Sold
A3: Turmeric & honey soap (T&H) | B3: 33 | L3: Row Labels | M3: Sum of Revenue
A4: Coffee Soap | B4: 30 | L4: Carrot Oil Small | M4: 520000
A5: Carrot Oil Small | B5: 26 | L5: Turmeric & honey soap (T&H) | M5: 330000
A6: Hand Lotion | B6: 18 | L6: Body Lotion | M6: 315000
A7: Charcoal Soap | B7: 16 | L7: Coffee Soap | M7: 300000
A8: Grand Total | B8: 123 | L8: Body Butter | M8: 245000
L9: Coffee Scrub | M9: 245000
L10: Grand Total | M10: 1955000
L24: Row Labels | M24: Sum of Revenue
L25: Body Polish | M25: 25000
L26: Gua sha | M26: 17000
L27: soap dish | M27: 10000
L28: Coffee Soap Small | M28: 7000
L29: Jiwe | M29: 5000
L30: Grand Total | M30: 64000
A32: Row Labels | B32: Sum of Units Sold
A33: Jiwe | B33: 1
A34: Body Polish | B34: 1
A35: soap dish | B35: 1
A36: Coffee Soap Small | B36: 1
A37: Gua sha | B37: 1
A38: Grand Total | B38: 5

Sheet Dasboard

Sheet Executive Summary
